Odom_X, Odom_Y, EKF_X, Odom_Y
-5.9315454148,5.98299868456,-5.93101176, 5.9824604
-5.9315454148,5.98299868456,-5.93143372, 5.98289432
-5.9315454148,5.98299868456,-5.93152097, 5.98298054
-5.9315454148,5.98299868456,-5.93154005, 5.9829975
-5.9315454148,5.98299868456,-5.93154424, 5.98300012
-5.9315454148,5.98299868456,-5.93154516, 5.98300002
-5.9315454148,5.98299868456,-5.93154536, 5.98299959
-5.9315454148,5.98299868456,-5.9315454, 5.98299926
-5.9315454148,5.98299868456,-5.93154541, 5.98299903
-5.9315454148,5.98299868456,-5.93154541, 5.9829989
-5.9315454148,5.98299868456,-5.93154541, 5.98299881
-5.9315454148,5.98299868456,-5.93154541, 5.98299876
-5.9315454148,5.98299868456,-5.93154541, 5.98299873
-5.9315454148,5.98299868456,-5.93154541, 5.98299871
-5.9315454148,5.98299868456,-5.93154541, 5.9829987
-5.9315454148,5.98299868456,-5.93154541, 5.98299869
-5.9315454148,5.98299868456,-5.93154541, 5.98299869
-5.9315454148,5.98299868456,-5.93154541, 5.98299869
-5.9315454148,5.98299868456,-5.93154541, 5.98299869
-5.9315454148,5.98299868456,-5.93154541, 5.98299869
-5.9315454148,5.98299868456,-5.93154541, 5.98299869
-5.9315454148,5.98299868456,-5.93154541, 5.98299869
-5.9315454148,5.98299868456,-5.93154541, 5.98299868
-5.9315454148,5.98299868456,-5.93154541, 5.98299868
-5.9315454148,5.98299868456,-5.93154541, 5.98299868
-5.9315454148,5.98299868456,-5.93153535, 5.98329485
-5.92742395409,5.98582950805,-5.92830516, 5.98558471
-5.92742395409,5.98582950805,-5.92756557, 5.98625843
-5.92314016227,5.98840809828,-5.92404146, 5.9883572
-5.92314016227,5.98840809828,-5.92322886, 5.9889406
-5.91870945635,5.99072517513,-5.91957962, 5.99078615
-5.91870945635,5.99072517513,-5.91882102, 5.99101083
-5.91870945635,5.99072517513,-5.91868183, 5.99095102
-5.91870945635,5.99072517513,-5.91866911, 5.99087225
-5.91870945635,5.99072517513,-5.91867818, 5.99081564
-5.91870945635,5.99072517513,-5.91868802, 5.99077971
-5.91870945635,5.99072517513,-5.91869534, 5.99075779
-5.91870945635,5.99072517513,-5.91870031, 5.99074461
-5.91870945635,5.99072517513,-5.91870358, 5.99073673
-5.91870945635,5.99072517513,-5.9187057, 5.99073204
-5.91870945635,5.99072517513,-5.91870707, 5.99072925
-5.91870945635,5.99072517513,-5.91870794, 5.99072759
-5.91870945635,5.99072517513,-5.9187085, 5.9907266
-5.91870945635,5.99072517513,-5.91870885, 5.99072602
-5.91870945635,5.99072517513,-5.91870908, 5.99072567
-5.91870945635,5.99072517513,-5.91870922, 5.99072547
-5.91870945635,5.99072517513,-5.91870931, 5.99072535
-5.91870945635,5.99072517513,-5.91870936, 5.99072528
-5.91870945635,5.99072517513,-5.9187094, 5.99072523
-5.91870945635,5.99072517513,-5.91870942, 5.99072521
-5.91870945635,5.99072517513,-5.91870943, 5.9907252
-5.91870945635,5.99072517513,-5.91870944, 5.99072519
-5.91870945635,5.99072517513,-5.91870945, 5.99072518
-5.91870945635,5.99072517513,-5.91870945, 5.99072518
-5.91870945635,5.99072517513,-5.91870945, 5.99072518
-5.91870945635,5.99072517513,-5.91870945, 5.99072518
-5.91870945635,5.99072517513,-5.91870946, 5.99072518
-5.91870945635,5.99072517513,-5.91870946, 5.99072518
-5.91870945635,5.99072517513,-5.91870946, 5.99072518
-5.91870945635,5.99072517513,-5.91870946, 5.99072518
-5.91870945635,5.99072517513,-5.91870946, 5.99072518
-5.91870945635,5.99072517513,-5.91870946, 5.99072518
-5.91870945635,5.99072517513,-5.91870946, 5.99072518
-5.91870945635,5.99072517513,-5.91870946, 5.99072518
-5.91870945635,5.99072517513,-5.91870946, 5.99072518
-5.91870945635,5.99072517513,-5.91585846, 5.99153446
-5.87739064252,5.96256925881,-5.87892949, 5.96692396
-5.83607182869,5.93441334249,-5.83916439, 5.93659417
-5.79475301486,5.90625742618,-5.79708108, 5.90749014
-5.75343420103,5.87810150986,-5.75493077, 5.8788281
-5.7121153872,5.84994559355,-5.71304781, 5.85036742
-5.67079657337,5.82178967723,-5.67137667, 5.82202461
-5.62947775954,5.79363376091,-5.6298422, 5.79375571
-5.5881589457,5.7654778446,-5.58839175, 5.76553277
-5.54684013187,5.73732192828,-5.54699234, 5.73733792
-5.50552131804,5.70916601196,-5.50562386, 5.70915999
-5.46420250421,5.68101009565,-5.46427417, 5.6809921
-5.42288369038,5.65285417933,-5.42293595, 5.65283012
-5.38156487655,5.62469826302,-5.38160473, 5.62467155
-5.34024606272,5.5965423467,-5.34027784, 5.59651491
-5.29892724889,5.56838643038,-5.29895363, 5.56835933
-5.25760843506,5.54023051407,-5.2576311, 5.54020428
-5.21628962123,5.51207459775,-5.21630963, 5.51204949
-5.1749708074,5.48391868143,-5.17498886, 5.48389478
-5.13365199356,5.45576276512,-5.13366853, 5.45574007
-5.09233317973,5.4276068488,-5.09234852, 5.42758531
-5.0510143659,5.39945093249,-5.05102871, 5.39943047
-5.00969555207,5.37129501617,-5.00970906, 5.37127556
-4.96837673824,5.34313909985,-4.96838952, 5.34312057
-4.92705792441,5.31498318354,-4.92707007, 5.31496551
-4.88573911058,5.28682726722,-4.88575069, 5.28681037
-4.84442029675,5.2586713509,-4.84443137, 5.25865518
-4.80310148292,5.23051543459,-4.80311209, 5.23049992
-4.76178266909,5.20235951827,-4.76179285, 5.20234462
-4.72046385526,5.17420360196,-4.72047364, 5.17418927
-4.67914504142,5.14604768564,-4.67915447, 5.14603388
-4.63782622759,5.11789176932,-4.63783532, 5.11787845
-4.59650741376,5.08973585301,-4.59651619, 5.08972299
-4.55518859993,5.06157993669,-4.55519709, 5.0615675
-4.5138697861,5.03342402037,-4.513878, 5.03341198
-4.47255097227,5.00526810406,-4.47255893, 5.00525644
-4.43123215844,4.97711218774,-4.43123988, 4.97710087
-4.38991334461,4.94895627143,-4.39230133, 4.9502802
-4.38991334461,4.94895627143,-4.38648876, 4.94643084
-4.38991334461,4.94895627143,-4.3868156, 4.94665715
-4.38991334461,4.94895627143,-4.38784599, 4.94736201
-4.38991334461,4.94895627143,-4.38864167, 4.94792536
-4.38991334461,4.94895627143,-4.38915314, 4.94830485
-4.38991334461,4.94895627143,-4.38946405, 4.94854831
-4.38991334461,4.94895627143,-4.38964922, 4.94870186
-4.38991334461,4.94895627143,-4.38975856, 4.94879804
-4.38991334461,4.94895627143,-4.38982285, 4.94885805
-4.38991334461,4.94895627143,-4.38986055, 4.94889541
-4.38991334461,4.94895627143,-4.38988261, 4.94891862
-4.38991334461,4.94895627143,-4.3898955, 4.94893301
-4.38991334461,4.94895627143,-4.389903, 4.94894193
-4.38991334461,4.94895627143,-4.38990737, 4.94894744
-4.38991334461,4.94895627143,-4.3899099, 4.94895084
-4.38991334461,4.94895627143,-4.38991137, 4.94895293
-4.38991334461,4.94895627143,-4.38991221, 4.94895422
-4.38991334461,4.94895627143,-4.3899127, 4.94895502
-4.38991334461,4.94895627143,-4.38991298, 4.9489555
-4.38991334461,4.94895627143,-4.38991314, 4.9489558
-4.38991334461,4.94895627143,-4.38991323, 4.94895598
-4.38991334461,4.94895627143,-4.38991328, 4.9489561
-4.38991334461,4.94895627143,-4.38991331, 4.94895616
-4.38991334461,4.94895627143,-4.38991332, 4.94895621
-4.38991334461,4.94895627143,-4.38991333, 4.94895623
-4.38991334461,4.94895627143,-4.38991334, 4.94895625
-4.38991334461,4.94895627143,-4.38991334, 4.94895626
-4.38991334461,4.94895627143,-4.38991334, 4.94895626
-4.38991334461,4.94895627143,-4.38991334, 4.94895627
-4.38991334461,4.94895627143,-4.38991334, 4.94895627
-4.38991334461,4.94895627143,-4.38991334, 4.94895627
-4.38991334461,4.94895627143,-4.38991334, 4.94895627
-4.38991334461,4.94895627143,-4.38991334, 4.94895627
-4.38991334461,4.94895627143,-4.38991334, 4.94895627
-4.38991334461,4.94895627143,-4.38991334, 4.94895627
-4.38991334461,4.94895627143,-4.38991334, 4.94895627
-4.38991334461,4.94895627143,-4.38991334, 4.94895627
-4.38991334461,4.94895627143,-4.38991334, 4.94895627
-4.38991334461,4.94895627143,-4.38991334, 4.94895627
-4.38991334461,4.94895627143,-4.38991334, 4.94895627
-4.38991334461,4.94895627143,-4.38991334, 4.94895627
-4.38991334461,4.94895627143,-4.38991334, 4.94895627
-4.38991334461,4.94895627143,-4.38991334, 4.94895627
-4.38991334461,4.94895627143,-4.38991334, 4.94895627
-4.38991334461,4.94895627143,-4.38991334, 4.94895627
-4.38991334461,4.94895627143,-4.38991334, 4.94895627
-4.38991334461,4.94895627143,-4.38991334, 4.94895627
-4.38991334461,4.94895627143,-4.38991334, 4.94895627
-4.38991334461,4.94895627143,-4.38991334, 4.94895627
-4.38991334461,4.94895627143,-4.38991334, 4.94895627
-4.38991334461,4.94895627143,-4.38991334, 4.94895627
-4.38991334461,4.94895627143,-4.38991334, 4.94895627
-4.38991334461,4.94895627143,-4.38991334, 4.94895627
-4.38991334461,4.94895627143,-4.38991334, 4.94895627
-4.38991334461,4.94895627143,-4.38991334, 4.94895627
-4.38991334461,4.94895627143,-4.38991334, 4.94895627
-4.38991334461,4.94895627143,-4.38991334, 4.94895627
-4.38991334461,4.94895627143,-4.38991334, 4.94895627
-4.38991334461,4.94895627143,-4.38991334, 4.94895627
-4.38991334461,4.94895627143,-4.38991334, 4.94895627
-4.38991334461,4.94895627143,-4.38991334, 4.94895627
-4.38991334461,4.94895627143,-4.38991334, 4.94895627
-4.38991334461,4.94895627143,-4.38991334, 4.94895627
-4.38991334461,4.94895627143,-4.38991334, 4.94895627
-4.38991334461,4.94895627143,-4.38991334, 4.94895627
-4.38991334461,4.94895627143,-4.38991334, 4.94895627
-4.38991334461,4.94895627143,-4.38991334, 4.94895627
-4.38991334461,4.94895627143,-4.38991334, 4.94895627
-4.38991334461,4.94895627143,-4.38991334, 4.94895627
-4.38991334461,4.94895627143,-4.38991334, 4.94895627
-4.38991334461,4.94895627143,-4.38991334, 4.94895627
-4.38991334461,4.94895627143,-4.38991334, 4.94895627
-4.38991334461,4.94895627143,-4.38991334, 4.94895627
-4.38991334461,4.94895627143,-4.38991334, 4.94895627
-4.38991334461,4.94895627143,-4.38991334, 4.94895627
-4.38991334461,4.94895627143,-4.38991334, 4.94895627
-4.38991334461,4.94895627143,-4.38991334, 4.94895627
-4.38991334461,4.94895627143,-4.38991334, 4.94895627
-4.38991334461,4.94895627143,-4.38991334, 4.94895627
-4.38991334461,4.94895627143,-4.38991334, 4.94895627
-4.38991334461,4.94895627143,-4.38991334, 4.94895627
-4.38991334461,4.94895627143,-4.38991334, 4.94895627
-4.38991334461,4.94895627143,-4.38991334, 4.94895627
-4.38991334461,4.94895627143,-4.38991334, 4.94895627
-4.38991334461,4.94895627143,-4.38991334, 4.94895627
-4.38991334461,4.94895627143,-4.38991334, 4.94895627
-4.38991334461,4.94895627143,-4.38991334, 4.94895627
-4.38991334461,4.94895627143,-4.38991334, 4.94895627
-4.38991334461,4.94895627143,-4.38991334, 4.94895627
-4.38991334461,4.94895627143,-4.38991334, 4.94895627
-4.38991334461,4.94895627143,-4.38991334, 4.94895627
-4.38991334461,4.94895627143,-4.38991334, 4.94895627
-4.38991334461,4.94895627143,-4.38991334, 4.94895627
-4.38991334461,4.94895627143,-4.38991334, 4.94895627
-4.38991334461,4.94895627143,-4.392763, 4.94977024
-4.43758218402,4.96404539826,-4.43364131, 4.96258903
-4.48525102344,4.9791345251,-4.48166503, 4.97770828
-4.53291986286,4.99422365194,-4.53052563, 4.9931276
-4.58058870227,5.00931277877,-4.57912732, 5.00848818
-4.62825754169,5.02440190561,-4.62740499, 5.02376016
-4.67592638111,5.03949103245,-4.67545037, 5.03896672
-4.72359522052,5.05458015928,-4.72334761, 5.05413094
-4.77126405994,5.06966928612,-4.77115377, 5.06926883
-4.81893289936,5.08475841296,-4.81890465, 5.08439052
-4.86660173877,5.09984753979,-4.86662214, 5.09950223
-4.91427057819,5.11493666663,-4.91431952, 5.11460779
-4.9619394176,5.13002579347,-4.9620048, 5.12970949
-5.00960825702,5.1451149203,-5.00968281, 5.14480875
-5.05727709644,5.16020404714,-5.05735647, 5.15990643
-5.10494593585,5.17529317398,-5.10502753, 5.17500305
-5.15261477527,5.19038230081,-5.15269705, 5.19009894
-5.20028361469,5.20547142765,-5.20036567, 5.20519429
-5.2479524541,5.22056055449,-5.24803377, 5.22028925
-5.29562129352,5.23564968133,-5.29570157, 5.23538388
-5.34329013294,5.25073880816,-5.34336922, 5.25047824
-5.39095897235,5.265827935,-5.3910368, 5.26557237
-5.43862781177,5.28091706184,-5.43870435, 5.2806663
-5.48629665118,5.29600618867,-5.4863719, 5.29576003
-5.5339654906,5.31109531551,-5.53403948, 5.31085359
-5.58163433002,5.32618444235,-5.58170708, 5.325947
-5.62930316943,5.34127356918,-5.62937471, 5.34104025
-5.67697200885,5.35636269602,-5.67704238, 5.35613336
-5.72464084827,5.37145182286,-5.72471008, 5.37122633
-5.77230968768,5.38654094969,-5.77237781, 5.38631918
-5.8199785271,5.40163007653,-5.82004558, 5.40141191
-5.86764736651,5.41671920337,-5.86771338, 5.41650452
-5.91531620593,5.4318083302,-5.91538121, 5.43159703
-5.96298504535,5.44689745704,-5.96304907, 5.44668943
-6.01065388476,5.46198658388,-6.01071696, 5.46178173
-6.05832272418,5.47707571072,-6.05838488, 5.47687393
-6.1059915636,5.49216483755,-6.10605283, 5.49196605
-6.15366040301,5.50725396439,-6.1537208, 5.50705807
-6.20132924243,5.52234309123,-6.20138879, 5.52215002
-6.24899808185,5.53743221806,-6.24905681, 5.53724188
-6.29666692126,5.5525213449,-6.29672484, 5.55233367
-6.34433576068,5.56761047174,-6.34439291, 5.56742539
-6.39200460009,5.58269959857,-6.39206099, 5.58251703
-6.43967343951,5.59778872541,-6.43972909, 5.59760861
-6.48734227893,5.61287785225,-6.48739721, 5.61270012
-6.53501111834,5.62796697908,-6.53506535, 5.62779158
-6.58267995776,5.64305610592,-6.5827335, 5.64288297
-6.63034879718,5.65814523276,-6.63040167, 5.6579743
-6.67801763659,5.67323435959,-6.67806986, 5.67306558
-6.72568647601,5.68832348643,-6.72573807, 5.68815681
-6.77335531543,5.70341261327,-6.77340629, 5.70324798
-6.82102415484,5.71850174011,-6.82107452, 5.71833911
-6.86869299426,5.73359086694,-6.86874277, 5.73343019
-6.91636183367,5.74867999378,-6.91641103, 5.74852122
-6.96403067309,5.76376912062,-6.96407931, 5.76361221
-7.01169951251,5.77885824745,-7.01174759, 5.77870315
-7.05936835192,5.79394737429,-7.05941589, 5.79379405
-7.10703719134,5.80903650113,-7.10708421, 5.80888492
-7.15470603076,5.82412562796,-7.15475253, 5.82397574
-7.20237487017,5.8392147548,-7.20242086, 5.83906653
-7.25004370959,5.85430388164,-7.25008921, 5.85415728
-7.29771254901,5.86939300847,-7.29775757, 5.869248
-7.34538138842,5.88448213531,-7.34542593, 5.88433868
-7.39305022784,5.89957126215,-7.39309431, 5.89942933
-7.44071906725,5.91466038898,-7.44076269, 5.91451995
-7.48838790667,5.92974951582,-7.48843109, 5.92961054
-7.53605674609,5.94483864266,-7.53156752, 5.94394299
-7.53605674609,5.94483864266,-7.53963441, 5.94615198
-7.53605674609,5.94483864266,-7.5396087, 5.94609604
-7.53605674609,5.94483864266,-7.53849096, 5.94574318
-7.53605674609,5.94483864266,-7.53757804, 5.94544473
-7.53605674609,5.94483864266,-7.53697856, 5.94523495
-7.53605674609,5.94483864266,-7.53660883, 5.94509493
-7.53605674609,5.94483864266,-7.53638575, 5.94500329
-7.53605674609,5.94483864266,-7.5362523, 5.94494389
-7.53605674609,5.94483864266,-7.53617279, 5.94490564
-7.53605674609,5.94483864266,-7.53612551, 5.94488114
-7.53605674609,5.94483864266,-7.53609744, 5.94486551
-7.53605674609,5.94483864266,-7.53608079, 5.94485558
-7.53605674609,5.94483864266,-7.53607094, 5.94484929
-7.53605674609,5.94483864266,-7.53606511, 5.94484532
-7.53605674609,5.94483864266,-7.53606167, 5.94484282
-7.53605674609,5.94483864266,-7.53605964, 5.94484125
-7.53605674609,5.94483864266,-7.53605844, 5.94484027
-7.53605674609,5.94483864266,-7.53605774, 5.94483965
-7.53605674609,5.94483864266,-7.53605733, 5.94483927
-7.53605674609,5.94483864266,-7.53605708, 5.94483903
-7.53605674609,5.94483864266,-7.53605694, 5.94483888
-7.53605674609,5.94483864266,-7.53605686, 5.94483879
-7.53605674609,5.94483864266,-7.53605681, 5.94483873
-7.53605674609,5.94483864266,-7.53605678, 5.9448387
-7.53605674609,5.94483864266,-7.53605677, 5.94483868
-7.53605674609,5.94483864266,-7.53605676, 5.94483866
-7.53605674609,5.94483864266,-7.53605675, 5.94483866
-7.53605674609,5.94483864266,-7.53605675, 5.94483865
-7.53605674609,5.94483864266,-7.53605675, 5.94483865
-7.53605674609,5.94483864266,-7.53605675, 5.94483865
-7.53605674609,5.94483864266,-7.53605675, 5.94483864
-7.53605674609,5.94483864266,-7.53605675, 5.94483864
-7.53605674609,5.94483864266,-7.53605675, 5.94483864
-7.53605674609,5.94483864266,-7.53605675, 5.94483864
-7.53605674609,5.94483864266,-7.53605675, 5.94483864
-7.53605674609,5.94483864266,-7.53605675, 5.94483864
-7.53605674609,5.94483864266,-7.53605675, 5.94483864
-7.53605674609,5.94483864266,-7.53653966, 5.94776266
-7.54225250537,5.99445328331,-7.54200487, 5.99025225
-7.54844826465,6.04406792396,-7.54835387, 6.0401967
-7.55464402392,6.09368256461,-7.55477046, 6.09102842
-7.5608397832,6.14329720526,-7.56057457, 6.13867793
-7.5608397832,6.14329720526,-7.56138351, 6.14644158
-7.5608397832,6.14329720526,-7.56127054, 6.14650566
-7.5608397832,6.14329720526,-7.56108227, 6.14552556
-7.5608397832,6.14329720526,-7.56095598, 6.14470799
-7.5608397832,6.14329720526,-7.56088689, 6.14416373
-7.5608397832,6.14329720526,-7.56085314, 6.14382356
-7.5608397832,6.14329720526,-7.56083847, 6.14361547
-7.5608397832,6.14329720526,-7.56083327, 6.14348922
-7.5608397832,6.14329720526,-7.56083239, 6.14341289
-7.5608397832,6.14329720526,-7.56083324, 6.14336683
-7.5608397832,6.14329720526,-7.56083458, 6.14333907
-7.5608397832,6.14329720526,-7.56083589, 6.14332235
-7.5608397832,6.14329720526,-7.56083698, 6.1433123
-7.5608397832,6.14329720526,-7.56083782, 6.14330625
-7.5608397832,6.14329720526,-7.56083844, 6.14330263
-7.5608397832,6.14329720526,-7.56083887, 6.14330045
-7.5608397832,6.14329720526,-7.56083918, 6.14329914
-7.5608397832,6.14329720526,-7.56083938, 6.14329836
-7.5608397832,6.14329720526,-7.55974765, 6.14605306
-7.5392823488,6.18841124988,-7.54152223, 6.18481576
-7.5177249144,6.2335252945,-7.51998846, 6.23031976
-7.49616748,6.27863933912,-7.49800506, 6.27659602
-7.47461004559,6.32375338374,-7.47609072, 6.32261375
-7.45305261119,6.36886742836,-7.45429311, 6.3683163
-7.43149517679,6.41398147298,-7.43258258, 6.41379379
-7.40993774238,6.4590955176,-7.41092836, 6.45912788
-7.38838030798,6.50420956222,-7.38930903, 6.50437381
-7.36682287358,6.54932360684,-7.36771101, 6.54956625
-7.34526543918,6.59443765146,-7.34612596, 6.59472635
-7.32370800477,6.63955169608,-7.32454882, 6.63986696
-7.30215057037,6.6846657407,-7.30297651, 6.68499584
-7.28059313597,6.72977978532,-7.28140718, 6.73011765
-7.25903570156,6.77489382994,-7.2598397, 6.77523523
-7.23747826716,6.82000787456,-7.23827338, 6.82035027
-7.21592083276,6.86512191918,-7.21670782, 6.8654638
-7.19436339836,6.9102359638,-7.19514276, 6.91057643
-7.17280596395,6.95535000842,-7.17357806, 6.95568854
-7.15124852955,7.00046405304,-7.15201361, 7.00080035
-7.12969109515,7.04557809766,-7.13044937, 7.04591201
-7.10813366075,7.09069214228,-7.10888529, 7.09102357
-7.08657622634,7.1358061869,-7.08732135, 7.13613511
-7.06501879194,7.18092023152,-7.06575753, 7.18124664
-7.04346135754,7.22603427614,-7.04419384, 7.22635818
-7.02190392313,7.27114832076,-7.02263025, 7.27146975
-7.00034648873,7.31626236538,-7.00106677, 7.31658134
-6.97878905433,7.36137641,-6.97950339, 7.36169296
-6.95723161993,7.40649045462,-6.9579401, 7.40680461
-6.93567418552,7.45160449924,-6.93637691, 7.4519163
-6.91411675112,7.49671854386,-6.91481382, 7.49702802
-6.89255931672,7.54183258848,-6.89427498, 7.53934532
-6.89255931672,7.54183258848,-6.89099411, 7.54572407
-6.89255931672,7.54183258848,-6.89098872, 7.54534169
-6.89255931672,7.54183258848,-6.89143233, 7.54418491
-6.89255931672,7.54183258848,-6.89181297, 7.54328951
-6.89255931672,7.54183258848,-6.89207792, 7.54271067
-6.89255931672,7.54183258848,-6.89225214, 7.54235624
-6.89255931672,7.54183258848,-6.89236442, 7.54214342
-6.89255931672,7.54183258848,-6.89243614, 7.54201662
-6.89255931672,7.54183258848,-6.89248171, 7.54194135
-6.89255931672,7.54183258848,-6.89251056, 7.54189677
-6.89255931672,7.54183258848,-6.89252876, 7.5418704
-6.89255931672,7.54183258848,-6.89254021, 7.54185484
-6.89255931672,7.54183258848,-6.89254739, 7.54184566
-6.89255931672,7.54183258848,-6.89255189, 7.54184025
-6.89255931672,7.54183258848,-6.8925547, 7.54183707
-6.89255931672,7.54183258848,-6.89255645, 7.54183521
-6.89255931672,7.54183258848,-6.89255754, 7.54183412
-6.89255931672,7.54183258848,-6.89255822, 7.54183348
-6.89255931672,7.54183258848,-6.89255864, 7.5418331
-6.89255931672,7.54183258848,-6.8925589, 7.54183289
-6.89255931672,7.54183258848,-6.89255906, 7.54183276
-6.89255931672,7.54183258848,-6.89255916, 7.54183269
-6.89255931672,7.54183258848,-6.89255922, 7.54183265
-6.89255931672,7.54183258848,-6.89255926, 7.54183262
-6.89255931672,7.54183258848,-6.89255928, 7.54183261
-6.89255931672,7.54183258848,-6.89255929, 7.5418326
-6.89255931672,7.54183258848,-6.8925593, 7.54183259
-6.89255931672,7.54183258848,-6.89255931, 7.54183259
-6.89255931672,7.54183258848,-6.89255931, 7.54183259
-6.89255931672,7.54183258848,-6.89255931, 7.54183259
-6.89255931672,7.54183258848,-6.89255931, 7.54183259
-6.89255931672,7.54183258848,-6.89255932, 7.54183259
-6.89255931672,7.54183258848,-6.89255932, 7.54183259
-6.89255931672,7.54183258848,-6.89255932, 7.54183259
-6.89255931672,7.54183258848,-6.89255932, 7.54183259
-6.89255931672,7.54183258848,-6.89255932, 7.54183259
-6.89255931672,7.54183258848,-6.89255932, 7.54183259
-6.89255931672,7.54183258848,-6.88960244, 7.54203256
-6.8425649185,7.54108415858,-6.84677368, 7.54171291
-6.79257052029,7.54033572867,-6.79643714, 7.54118764
-6.74257612208,7.53958729877,-6.74521026, 7.54056258
-6.69258172387,7.53883886886,-6.69424655, 7.5398829
-6.64258732565,7.53809043896,-6.64656952, 7.53888172
-6.64258732565,7.53809043896,-6.63900998, 7.5384701
-6.64258732565,7.53809043896,-6.63911216, 7.53824294
-6.64258732565,7.53809043896,-6.64020075, 7.53812303
-6.64258732565,7.53809043896,-6.64108426, 7.53806909
-6.64258732565,7.53809043896,-6.64166747, 7.53805118
-6.64258732565,7.53809043896,-6.64203034, 7.53805038
-6.64258732565,7.53809043896,-6.64225154, 7.53805628
-6.64258732565,7.53809043896,-6.64238534, 7.53806379
-6.64258732565,7.53809043896,-6.64246599, 7.53807072
-6.64258732565,7.53809043896,-6.64251452, 7.53807636
-6.64258732565,7.53809043896,-6.64254368, 7.53808063
-6.64258732565,7.53809043896,-6.64256119, 7.53808374
-6.64258732565,7.53809043896,-6.64257169, 7.53808592
-6.64258732565,7.53809043896,-6.64257798, 7.53808743
-6.64258732565,7.53809043896,-6.64258174, 7.53808846
-6.64258732565,7.53809043896,-6.642584, 7.53808914
-6.64258732565,7.53809043896,-6.64258534, 7.5380896
-6.64258732565,7.53809043896,-6.64258614, 7.5380899
-6.64258732565,7.53809043896,-6.64258662, 7.53809009
-6.64258732565,7.53809043896,-6.64258691, 7.53809022
-6.64258732565,7.53809043896,-6.64258708, 7.5380903
-6.64258732565,7.53809043896,-6.64258718, 7.53809035
-6.64258732565,7.53809043896,-6.64258724, 7.53809038
-6.64258732565,7.53809043896,-6.64258727, 7.5380904
-6.64258732565,7.53809043896,-6.6425873, 7.53809042
-6.64258732565,7.53809043896,-6.64258731, 7.53809042
-6.64258732565,7.53809043896,-6.64258732, 7.53809043
-6.64258732565,7.53809043896,-6.64258732, 7.53809043
-6.64258732565,7.53809043896,-6.64258732, 7.53809044
-6.64258732565,7.53809043896,-6.64258732, 7.53809044
-6.64258732565,7.53809043896,-6.64258732, 7.53809044
-6.64258732565,7.53809043896,-6.64258732, 7.53809044
-6.64258732565,7.53809043896,-6.64258733, 7.53809044
-6.64258732565,7.53809043896,-6.64258733, 7.53809044
-6.64258732565,7.53809043896,-6.64258733, 7.53809044
-6.64258732565,7.53809043896,-6.64258733, 7.53809044
-6.64258732565,7.53809043896,-6.64258733, 7.53809044
-6.64258732565,7.53809043896,-6.64258733, 7.53809044
-6.64258732565,7.53809043896,-6.64258733, 7.53809044
-6.64258732565,7.53809043896,-6.64258733, 7.53809044
-6.64258732565,7.53809043896,-6.64258733, 7.53809044
-6.64258732565,7.53809043896,-6.64258733, 7.53809044
-6.64258732565,7.53809043896,-6.64258733, 7.53809044
-6.64258732565,7.53809043896,-6.64258733, 7.53809044
-6.64258732565,7.53809043896,-6.64258733, 7.53809044
-6.64258732565,7.53809043896,-6.64258733, 7.53809044
-6.64258732565,7.53809043896,-6.64258733, 7.53809044
-6.64258732565,7.53809043896,-6.64258733, 7.53809044
-6.64258732565,7.53809043896,-6.64258733, 7.53809044
-6.64258732565,7.53809043896,-6.64258733, 7.53809044
-6.64258732565,7.53809043896,-6.64258733, 7.53809044
-6.64258732565,7.53809043896,-6.64258733, 7.53809044
-6.64258732565,7.53809043896,-6.64258733, 7.53809044
-6.64258732565,7.53809043896,-6.64258733, 7.53809044
-6.64258732565,7.53809043896,-6.64258733, 7.53809044
-6.64258732565,7.53809043896,-6.64258733, 7.53809044
-6.64258732565,7.53809043896,-6.64271717, 7.53512966
-6.65026546532,7.4886834944,-6.64887065, 7.49275392
-6.65794360499,7.43927654983,-6.65629977, 7.4429731
-6.66562174466,7.38986960527,-6.66397969, 7.39232582
-6.67329988433,7.3404626607,-6.67169655, 7.3419477
-6.680978024,7.29105571614,-6.67941028, 7.29190607
-6.68865616367,7.24164877157,-6.68711633, 7.2421057
-6.69633430334,7.19224182701,-6.69481634, 7.19245928
-6.70401244301,7.14283488244,-6.70251229, 7.14290757
-6.71169058268,7.09342793788,-6.71020562, 7.0934134
-6.71936872235,7.04402099331,-6.71789726, 7.04395402
-6.72704686201,6.99461404875,-6.72558779, 6.99451564
-6.73472500168,6.94520710418,-6.7332776, 6.94508994
-6.74240314135,6.89580015962,-6.74096689, 6.89567188
-6.75008128102,6.84639321505,-6.74865581, 6.84625844
-6.75775942069,6.79698627049,-6.75634446, 6.79684777
-6.76543756036,6.74757932593,-6.76403288, 6.74743879
-6.77311570003,6.69817238136,-6.7717211, 6.69803082
-6.7807938397,6.6487654368,-6.77940916, 6.64862346
-6.78847197937,6.59935849223,-6.78709706, 6.59921647
-6.79615011904,6.54995154767,-6.79478482, 6.5498097
-6.80382825871,6.5005446031,-6.80247244, 6.50040306
-6.81150639838,6.45113765854,-6.81015993, 6.4509965
-6.81918453805,6.40173071397,-6.81784729, 6.40158999
-6.82686267772,6.35232376941,-6.82553453, 6.35218351
-6.83454081739,6.30291682484,-6.83322164, 6.30277705
-6.84221895705,6.25350988028,-6.84090864, 6.2533706
-6.84989709672,6.20410293571,-6.84859553, 6.20396415
-6.85757523639,6.15469599115,-6.8562823, 6.15455771
-6.86525337606,6.10528904658,-6.86396896, 6.10515126
-6.87293151573,6.05588210202,-6.8716555, 6.05574482
-6.8806096554,6.00647515746,-6.87934195, 6.00633838
-6.88828779507,5.95706821289,-6.88702829, 5.95693193
-6.89596593474,5.90766126833,-6.89471452, 5.90752549
-6.90364407441,5.85825432376,-6.90240066, 5.85811904
-6.91132221408,5.8088473792,-6.91008669, 5.80871259
-6.91900035375,5.75944043463,-6.91777263, 5.75930614
-6.92667849342,5.71003349007,-6.92545848, 5.70989969
-6.93435663309,5.6606265455,-6.93314423, 5.66049324
-6.94203477276,5.61121960094,-6.94082989, 5.61108679
-6.94971291242,5.56181265637,-6.94851545, 5.56168033
-6.95739105209,5.51240571181,-6.95620093, 5.51227387
-6.96506919176,5.46299876724,-6.96388633, 5.46286741
-6.97274733143,5.41359182268,-6.97157164, 5.41346095
-6.9804254711,5.36418487811,-6.97925686, 5.36405449
-6.98810361077,5.31477793355,-6.986942, 5.31464802
-6.99578175044,5.26537098898,-6.99462706, 5.26524155
-7.00345989011,5.21596404442,-7.00231204, 5.21583508
-7.01113802978,5.16655709986,-7.00999695, 5.16642861
-7.01881616945,5.11715015529,-7.01768177, 5.11702214
-7.02649430912,5.06774321073,-7.02536652, 5.06761566
-7.03417244879,5.01833626616,-7.0330512, 5.01820918
-7.04185058846,4.9689293216,-7.0407358, 4.9688027
-7.04952872813,4.91952237703,-7.04842034, 4.91939622
-7.0572068678,4.87011543247,-7.0561048, 4.86998974
-7.06488500746,4.8207084879,-7.06378919, 4.82058325
-7.07256314713,4.77130154334,-7.07147351, 4.77117676
-7.0802412868,4.72189459877,-7.07915777, 4.72177027
-7.08791942647,4.67248765421,-7.08684196, 4.67236378
-7.09559756614,4.62308070964,-7.09452608, 4.62295728
-7.10327570581,4.57367376508,-7.10221015, 4.57355079
-7.11095384548,4.52426682051,-7.10989414, 4.52414429
-7.11863198515,4.47485987595,-7.11757808, 4.47473779
-7.12631012482,4.42545293138,-7.12526196, 4.42533128
-7.13398826449,4.37604598682,-7.13294577, 4.37592478
-7.14166640416,4.32663904226,-7.14062953, 4.32651827
-7.14934454383,4.27723209769,-7.14831323, 4.27711176
-7.1570226835,4.22782515313,-7.15599687, 4.22770524
-7.16470082317,4.17841820856,-7.16368046, 4.17829873
-7.17237896283,4.129011264,-7.17136399, 4.12889221
-7.1800571025,4.07960431943,-7.17904746, 4.07948569
-7.18773524217,4.03019737487,-7.18673088, 4.03007917
-7.19541338184,3.9807904303,-7.19441425, 3.98067265
-7.20309152151,3.93138348574,-7.20209757, 3.93126612
-7.21076966118,3.88197654117,-7.20978084, 3.88185959
-7.21844780085,3.83256959661,-7.21746405, 3.83245306
-7.22612594052,3.78316265204,-7.22514722, 3.78304653
-7.23380408019,3.73375570748,-7.23283033, 3.73364
-7.24148221986,3.68434876291,-7.2405134, 3.68423346
-7.24916035953,3.63494181835,-7.24819642, 3.63482692
-7.2568384992,3.58553487379,-7.25587939, 3.58542038
-7.26451663887,3.53612792922,-7.26356232, 3.53601383
-7.27219477854,3.48672098466,-7.2712452, 3.48660729
-7.2798729182,3.43731404009,-7.27892804, 3.43720074
-7.28755105787,3.38790709553,-7.28661083, 3.38779419
-7.29522919754,3.33850015096,-7.29429358, 3.33838764
-7.30290733721,3.2890932064,-7.30197629, 3.28898109
-7.31058547688,3.23968626183,-7.30965895, 3.23957453
-7.31826361655,3.19027931727,-7.31734157, 3.19016797
-7.32594175622,3.1408723727,-7.32502415, 3.14076141
-7.33361989589,3.09146542814,-7.33270669, 3.09135485
-7.34129803556,3.04205848357,-7.34038919, 3.04194828
-7.34897617523,2.99265153901,-7.34807165, 2.99254172
-7.3566543149,2.94324459444,-7.35575407, 2.94313515
-7.36433245457,2.89383764988,-7.36343645, 2.89372858
-7.37201059424,2.84443070531,-7.37111879, 2.84432201
-7.37968873391,2.79502376075,-7.3788011, 2.79491543
-7.38736687358,2.74561681619,-7.38648337, 2.74550885
-7.39504501324,2.69620987162,-7.3941656, 2.69610228
-7.40272315291,2.64680292706,-7.4018478, 2.6466957
-7.41040129258,2.59739598249,-7.40952996, 2.59728911
-7.41807943225,2.54798903793,-7.41721209, 2.54788253
-7.42575757192,2.49858209336,-7.42489418, 2.49847594
-7.43343571159,2.4491751488,-7.43257624, 2.44906935
-7.44111385126,2.39976820423,-7.44025826, 2.39966276
-7.44879199093,2.35036125967,-7.44794025, 2.35025617
-7.4564701306,2.3009543151,-7.45562221, 2.30084958
-7.46414827027,2.25154737054,-7.46330414, 2.25144298
-7.47182640994,2.20214042597,-7.47098603, 2.20203638
-7.47950454961,2.15273348141,-7.47866789, 2.15262978
-7.48718268928,2.10332653684,-7.48634972, 2.10322318
-7.49486082895,2.05391959228,-7.49403152, 2.05381658
-7.50253896861,2.00451264772,-7.50171329, 2.00440997
-7.51021710828,1.95510570315,-7.50939503, 1.95500336
-7.51789524795,1.90569875859,-7.51707674, 1.90559675
-7.52557338762,1.85629181402,-7.52475842, 1.85619014
-7.53325152729,1.80688486946,-7.53244008, 1.80678353
-7.54092966696,1.75747792489,-7.5407568, 1.76088555
-7.54092966696,1.75747792489,-7.5414802, 1.75342857
-7.54092966696,1.75747792489,-7.54145071, 1.75368997
-7.54092966696,1.75747792489,-7.54133096, 1.75490365
-7.54092966696,1.75747792489,-7.54122078, 1.7558668
-7.54092966696,1.75747792489,-7.54113457, 1.75649714
-7.54092966696,1.75747792489,-7.54107093, 1.75688704
-7.54092966696,1.75747792489,-7.54102551, 1.75712349
-7.54092966696,1.75747792489,-7.54099386, 1.7572658
-7.54092966696,1.75747792489,-7.5409722, 1.75735115
-7.54092966696,1.75747792489,-7.54095761, 1.75740225
-7.54092966696,1.75747792489,-7.54094788, 1.7574328
-7.54092966696,1.75747792489,-7.54094147, 1.75745105
-7.54092966696,1.75747792489,-7.54093727, 1.75746193
-7.54092966696,1.75747792489,-7.54093454, 1.75746842
-7.54092966696,1.75747792489,-7.54093278, 1.75747228
-7.54092966696,1.75747792489,-7.54093164, 1.75747458
-7.54092966696,1.75747792489,-7.54093092, 1.75747594
-7.54092966696,1.75747792489,-7.54093046, 1.75747675
-7.54092966696,1.75747792489,-7.54093017, 1.75747723
-7.54092966696,1.75747792489,-7.54092998, 1.75747752
-7.54092966696,1.75747792489,-7.54092986, 1.75747768
-7.54092966696,1.75747792489,-7.54092979, 1.75747778
-7.54092966696,1.75747792489,-7.54092974, 1.75747784
-7.54092966696,1.75747792489,-7.54092971, 1.75747788
-7.54092966696,1.75747792489,-7.5409297, 1.7574779
-7.54092966696,1.75747792489,-7.54092969, 1.75747791
-7.54092966696,1.75747792489,-7.54092968, 1.75747792
-7.54092966696,1.75747792489,-7.54092967, 1.75747792
-7.54092966696,1.75747792489,-7.54092967, 1.75747792
-7.54092966696,1.75747792489,-7.54092967, 1.75747792
-7.54092966696,1.75747792489,-7.54092967, 1.75747792
-7.54092966696,1.75747792489,-7.54092967, 1.75747792
-7.54092966696,1.75747792489,-7.54092967, 1.75747792
-7.54092966696,1.75747792489,-7.54092967, 1.75747792
-7.54092966696,1.75747792489,-7.54092967, 1.75747792
-7.54092966696,1.75747792489,-7.54092967, 1.75747792
-7.54092966696,1.75747792489,-7.54092967, 1.75747792
-7.54092966696,1.75747792489,-7.54092967, 1.75747792
-7.54092966696,1.75747792489,-7.54092967, 1.75747792
-7.54092966696,1.75747792489,-7.54092967, 1.75747792
-7.54092966696,1.75747792489,-7.54092967, 1.75747792
-7.54092966696,1.75747792489,-7.54092967, 1.75747792
-7.54092966696,1.75747792489,-7.54092967, 1.75747792
-7.54092966696,1.75747792489,-7.54092967, 1.75747792
-7.54092966696,1.75747792489,-7.54092967, 1.75747792
-7.54092966696,1.75747792489,-7.54092967, 1.75747792
-7.54092966696,1.75747792489,-7.54092967, 1.75747792
-7.54092966696,1.75747792489,-7.54092967, 1.75747792
-7.54092966696,1.75747792489,-7.54092967, 1.75747792
-7.54092966696,1.75747792489,-7.54092967, 1.75747792
-7.54092966696,1.75747792489,-7.54092967, 1.75747792
-7.54092966696,1.75747792489,-7.54092967, 1.75747792
-7.54092966696,1.75747792489,-7.54092967, 1.75747792
-7.54092966696,1.75747792489,-7.54092967, 1.75747792
-7.54092966696,1.75747792489,-7.54092967, 1.75747792
-7.54092966696,1.75747792489,-7.54092967, 1.75747792
-7.54092966696,1.75747792489,-7.54092967, 1.75747792
-7.54092966696,1.75747792489,-7.54092967, 1.75747792
-7.54092966696,1.75747792489,-7.54092967, 1.75747792
-7.54092966696,1.75747792489,-7.54092967, 1.75747792
-7.54092966696,1.75747792489,-7.54092967, 1.75747792
-7.54092966696,1.75747792489,-7.54092967, 1.75747792
-7.54092966696,1.75747792489,-7.54092967, 1.75747792
-7.54092966696,1.75747792489,-7.54092967, 1.75747792
-7.54092966696,1.75747792489,-7.54092967, 1.75747792
-7.54092966696,1.75747792489,-7.54092967, 1.75747792
-7.54092966696,1.75747792489,-7.54092967, 1.75747792
-7.54092966696,1.75747792489,-7.54092967, 1.75747792
-7.54092966696,1.75747792489,-7.54092967, 1.75747792
-7.54092966696,1.75747792489,-7.54092967, 1.75747792
-7.54092966696,1.75747792489,-7.54092967, 1.75747792
-7.54092966696,1.75747792489,-7.54092967, 1.75747792
-7.54092966696,1.75747792489,-7.54092967, 1.75747792
-7.54092966696,1.75747792489,-7.54092967, 1.75747792
-7.54092966696,1.75747792489,-7.54092967, 1.75747792
-7.54092966696,1.75747792489,-7.54092967, 1.75747792
-7.54092966696,1.75747792489,-7.54092967, 1.75747792
-7.54092966696,1.75747792489,-7.54092967, 1.75747792
-7.54092966696,1.75747792489,-7.54092967, 1.75747792
-7.54092966696,1.75747792489,-7.54092967, 1.75747792
-7.54092966696,1.75747792489,-7.54092967, 1.75747792
-7.54092966696,1.75747792489,-7.54092967, 1.75747792
-7.54092966696,1.75747792489,-7.54092967, 1.75747792
-7.54092966696,1.75747792489,-7.54092967, 1.75747792
-7.54092966696,1.75747792489,-7.54092967, 1.75747792
-7.54092966696,1.75747792489,-7.54092967, 1.75747792
-7.54092966696,1.75747792489,-7.54092967, 1.75747792
-7.54092966696,1.75747792489,-7.54092967, 1.75747792
-7.54092966696,1.75747792489,-7.54092967, 1.75747792
-7.54092966696,1.75747792489,-7.54092967, 1.75747792
-7.54092966696,1.75747792489,-7.54092967, 1.75747792
-7.54092966696,1.75747792489,-7.54092967, 1.75747792
-7.54092966696,1.75747792489,-7.54092967, 1.75747792
-7.54092966696,1.75747792489,-7.54092967, 1.75747792
-7.54092966696,1.75747792489,-7.54158901, 1.76036728
-7.547779053,1.80700656217,-7.5477912, 1.80274437
-7.55462843903,1.85653519945,-7.55492639, 1.85257426
-7.56147782507,1.90606383674,-7.56138756, 1.90051097
-7.56147782507,1.90606383674,-7.56222664, 1.9085472
-7.56147782507,1.90606383674,-7.56205985, 1.90885235
-7.56147782507,1.90606383674,-7.56182199, 1.90803588
-7.56147782507,1.90606383674,-7.56166046, 1.90732057
-7.56147782507,1.90606383674,-7.56156785, 1.90683837
-7.56147782507,1.90606383674,-7.56151874, 1.90653542
-7.56147782507,1.90606383674,-7.56149412, 1.90634957
-7.56147782507,1.90606383674,-7.56148252, 1.90623655
-7.56147782507,1.90606383674,-7.56147754, 1.90616809
-7.56147782507,1.90606383674,-7.56147577, 1.9061267
-7.56147782507,1.90606383674,-7.56147545, 1.9061017
-7.56147782507,1.90606383674,-7.56147571, 1.90608662
-7.56147782507,1.90606383674,-7.56147614, 1.90607754
-7.56147782507,1.90606383674,-7.56147656, 1.90607207
-7.56147782507,1.90606383674,-7.56147691, 1.90606878
-7.56147782507,1.90606383674,-7.56147719, 1.9060668
-7.56147782507,1.90606383674,-7.56147739, 1.90606561
-7.56147782507,1.90606383674,-7.56147753, 1.9060649
-7.56147782507,1.90606383674,-7.56055588, 1.90888111
-7.54051708985,1.95145819298,-7.54301547, 1.9479409
-7.51955635462,1.99685254922,-7.52220882, 1.99376868
-7.4985956194,2.04224690547,-7.50091864, 2.04035933
-7.47763488417,2.08764126171,-7.47966386, 2.08668011
-7.45667414895,2.13303561796,-7.45850249, 2.13267757
-7.43571341372,2.1784299742,-7.4374134, 2.17844474
-7.4147526785,2.22382433045,-7.41637149, 2.22406527
-7.39379194328,2.26921868669,-7.39535887, 2.26959564
-7.37283120805,2.31461304294,-7.37436414, 2.31507128
-7.35187047283,2.36000739918,-7.35338026, 2.36051383
-7.3309097376,2.40540175543,-7.33240298, 2.40593642
-7.30994900238,2.45079611167,-7.31142971, 2.45134696
-7.28898826716,2.49619046792,-7.29045888, 2.49675025
-7.26802753193,2.54158482416,-7.26948954, 2.54214917
-7.24706679671,2.5869791804,-7.24852112, 2.58754545
-7.22610606148,2.63237353665,-7.22755329, 2.63294015
-7.20514532626,2.67776789289,-7.20658582, 2.67833391
-7.18418459104,2.72316224914,-7.1856186, 2.7237271
-7.16322385581,2.76855660538,-7.16465154, 2.76911995
-7.14226312059,2.81395096163,-7.1436846, 2.8145126
-7.12130238536,2.85934531787,-7.12271776, 2.85990514
-7.10034165014,2.90473967412,-7.10175098, 2.90529762
-7.07938091491,2.95013403036,-7.08078427, 2.95069006
-7.05842017969,2.99552838661,-7.05981762, 2.99608249
-7.03745944447,3.04092274285,-7.03885102, 3.04147491
-7.01649870924,3.0863170991,-7.01788447, 3.08686734
-6.99553797402,3.13171145534,-6.99691796, 3.13225977
-6.97457723879,3.17710581158,-6.9759515, 3.17765221
-6.95361650357,3.22250016783,-6.95498509, 3.22304466
-6.93265576835,3.26789452407,-6.93401872, 3.26843712
-6.91169503312,3.31328888032,-6.91305239, 3.31382959
-6.8907342979,3.35868323656,-6.89208611, 3.35922208
-6.86977356267,3.40407759281,-6.87111987, 3.40461457
-6.84881282745,3.44947194905,-6.85015367, 3.45000708
-6.82785209223,3.4948663053,-6.82918752, 3.49539959
-6.806891357,3.54026066154,-6.8082214, 3.54079212
-6.78593062178,3.58565501779,-6.78725532, 3.58618466
-6.76496988655,3.63104937403,-6.76628929, 3.63157721
-6.74400915133,3.67644373028,-6.74532329, 3.67696977
-6.72304841611,3.72183808652,-6.72435733, 3.72236235
-6.70208768088,3.76723244277,-6.70339141, 3.76775493
-6.68112694566,3.81262679901,-6.68242553, 3.81314752
-6.66016621043,3.85802115525,-6.66145969, 3.85854013
-6.63920547521,3.9034155115,-6.64049388, 3.90393274
-6.61824473998,3.94880986774,-6.61952812, 3.94932537
-6.59728400476,3.99420422399,-6.59856238, 3.99471801
-6.57632326954,4.03959858023,-6.57759669, 4.04011065
-6.55536253431,4.08499293648,-6.55663102, 4.08550331
-6.53440179909,4.13038729272,-6.5356654, 4.13089598
-6.51344106386,4.17578164897,-6.51469981, 4.17628865
-6.49248032864,4.22117600521,-6.49373425, 4.22168134
-6.47151959342,4.26657036146,-6.47276873, 4.26707404
-6.45055885819,4.3119647177,-6.45180324, 4.31246674
-6.42959812297,4.35735907395,-6.43083779, 4.35785946
-6.40863738774,4.40275343019,-6.40987237, 4.40325218
-6.38767665252,4.44814778643,-6.38890698, 4.44864492
-6.3667159173,4.49354214268,-6.36794162, 4.49403766
-6.34575518207,4.53893649892,-6.3469763, 4.53943042
-6.32479444685,4.58433085517,-6.32601101, 4.58482318
-6.30383371162,4.62972521141,-6.30504574, 4.63021595
-6.2828729764,4.67511956766,-6.28408051, 4.67560873
-6.26191224118,4.7205139239,-6.26311531, 4.72100152
-6.24095150595,4.76590828015,-6.24215014, 4.76639432
-6.21999077073,4.81130263639,-6.221185, 4.81178713
-6.1990300355,4.85669699264,-6.20021989, 4.85717995
-6.17806930028,4.90209134888,-6.17925481, 4.90257277
-6.15710856505,4.94748570513,-6.15828976, 4.94796561
-6.13614782983,4.99288006137,-6.13732474, 4.99335845
-6.11518709461,5.03827441762,-6.11635975, 5.0387513
-6.09422635938,5.08366877386,-6.09539478, 5.08414416
-6.07326562416,5.1290631301,-6.07442984, 5.12953703
-6.05230488893,5.17445748635,-6.05346493, 5.1749299
-6.03134415371,5.21985184259,-6.03250005, 5.22032279
-6.01038341849,5.26524619884,-6.01153519, 5.26571568
-5.98942268326,5.31064055508,-5.99057037, 5.31110858
-5.96846194804,5.35603491133,-5.96960556, 5.35650149
-5.94750121281,5.40142926757,-5.94864079, 5.40189441
-5.92654047759,5.44682362382,-5.92767604, 5.44728733
-5.90557974237,5.49221798006,-5.90671132, 5.49268026
-5.88461900714,5.53761233631,-5.88574662, 5.5380732
-5.86365827192,5.58300669255,-5.86478195, 5.58346615
-5.84269753669,5.6284010488,-5.8438173, 5.62885911
-5.82173680147,5.67379540504,-5.82285268, 5.67425207
-5.80077606624,5.71918976128,-5.80188808, 5.71964504
-5.77981533102,5.76458411753,-5.7809235, 5.76503802
-5.7588545958,5.80997847377,-5.75995895, 5.810431
-5.73789386057,5.85537283002,-5.73992206, 5.85295094
-5.73789386057,5.85537283002,-5.73659494, 5.85935849
-5.73789386057,5.85537283002,-5.73649961, 5.85895392
-5.73789386057,5.85537283002,-5.73687588, 5.85777381
-5.73789386057,5.85537283002,-5.73721326, 5.85686146
-5.73789386057,5.85537283002,-5.73745174, 5.85627129
-5.73789386057,5.85537283002,-5.73761004, 5.8559095
-5.73789386057,5.85537283002,-5.73771282, 5.85569193
-5.73789386057,5.85537283002,-5.73777889, 5.8555621
-5.73789386057,5.85537283002,-5.73782111, 5.8554849
-5.73789386057,5.85537283002,-5.73784797, 5.85543909
-5.73789386057,5.85537283002,-5.73786499, 5.85541195
-5.73789386057,5.85537283002,-5.73787575, 5.8553959
-5.73789386057,5.85537283002,-5.73788252, 5.85538641
-5.73789386057,5.85537283002,-5.73788678, 5.85538081
-5.73789386057,5.85537283002,-5.73788945, 5.85537751
-5.73789386057,5.85537283002,-5.73789111, 5.85537557
-5.73789386057,5.85537283002,-5.73789215, 5.85537444
-5.73789386057,5.85537283002,-5.7378928, 5.85537377
-5.73789386057,5.85537283002,-5.73789321, 5.85537338
-5.73789386057,5.85537283002,-5.73789346, 5.85537315
-5.73789386057,5.85537283002,-5.73789361, 5.85537301
-5.73789386057,5.85537283002,-5.73789371, 5.85537294
-5.73789386057,5.85537283002,-5.73789377, 5.85537289
-5.73789386057,5.85537283002,-5.7378938, 5.85537287
-5.73789386057,5.85537283002,-5.73789382, 5.85537285
-5.73789386057,5.85537283002,-5.73789384, 5.85537284
-5.73789386057,5.85537283002,-5.73789385, 5.85537284
-5.73789386057,5.85537283002,-5.73789385, 5.85537283
-5.73789386057,5.85537283002,-5.73789386, 5.85537283
-5.73789386057,5.85537283002,-5.73789386, 5.85537283
-5.73789386057,5.85537283002,-5.73789386, 5.85537283
-5.73789386057,5.85537283002,-5.73789386, 5.85537283
-5.73789386057,5.85537283002,-5.73789386, 5.85537283
-5.73789386057,5.85537283002,-5.73789386, 5.85537283
-5.73789386057,5.85537283002,-5.73789386, 5.85537283
-5.73789386057,5.85537283002,-5.73789386, 5.85537283
-5.73789386057,5.85537283002,-5.73789386, 5.85537283
-5.73789386057,5.85537283002,-5.73494863, 5.85570257
-5.68789394013,5.85528363757,-5.69213122, 5.8560646
-5.63789401968,5.85519444512,-5.64180076, 5.85628881
-5.58789409923,5.85510525267,-5.59057568, 5.85639575
-5.53789417878,5.85501606022,-5.53961094, 5.85642453
-5.48789425834,5.85492686777,-5.48897917, 5.8564046
-5.43789433789,5.85483767532,-5.43858696, 5.85635502
-5.38789441744,5.85474848287,-5.38834776, 5.85628755
-5.337894497,5.85465929042,-5.33820273, 5.8562093
-5.28789457655,5.85457009797,-5.28811493, 5.8561246
-5.2378946561,5.85448090553,-5.23806174, 5.85603602
-5.18789473566,5.85439171308,-5.18802944, 5.85594512
-5.13789481521,5.85430252063,-5.13800976, 5.85585285
-5.08789489476,5.85421332818,-5.0879977, 5.85575976
-5.03789497431,5.85412413573,-5.03799023, 5.85566619
-4.98789505387,5.85403494328,-4.98798553, 5.85557235
-4.93789513342,5.85394575083,-4.9379825, 5.85547835
-4.88789521297,5.85385655838,-4.88798049, 5.85538427
-4.83789529253,5.85376736593,-4.83797909, 5.85529015
-4.78789537208,5.85367817348,-4.78797806, 5.85519602
-4.73789545163,5.85358898103,-4.73797726, 5.8551019
-4.68789553119,5.85349978858,-4.6879766, 5.8550078
-4.63789561074,5.85341059613,-4.63797602, 5.85491371
-4.58789569029,5.85332140368,-4.58797549, 5.85481965
-4.53789576984,5.85323221123,-4.537975, 5.85472561
-4.4878958494,5.85314301878,-4.48797454, 5.8546316
-4.43789592895,5.85305382634,-4.43797408, 5.85453762
-4.3878960085,5.85296463389,-4.38797364, 5.85444366
-4.33789608806,5.85287544144,-4.33797321, 5.85434973
-4.28789616761,5.85278624899,-4.28797278, 5.85425583
-4.23789624716,5.85269705654,-4.23797236, 5.85416195
-4.18789632672,5.85260786409,-4.18797195, 5.8540681
-4.13789640627,5.85251867164,-4.13797154, 5.85397428
-4.08789648582,5.85242947919,-4.08797113, 5.85388048
-4.03789656537,5.85234028674,-4.03797073, 5.85378671
-3.98789664493,5.85225109429,-3.98797034, 5.85369297
-3.93789672448,5.85216190184,-3.93796995, 5.85359925
-3.88789680403,5.85207270939,-3.88796956, 5.85350556
-3.83789688359,5.85198351694,-3.83796917, 5.85341189
-3.78789696314,5.85189432449,-3.7879688, 5.85331825
-3.73789704269,5.85180513204,-3.73796842, 5.85322463
-3.68789712225,5.8517159396,-3.68796805, 5.85313104
-3.6378972018,5.85162674715,-3.63796768, 5.85303747
-3.58789728135,5.8515375547,-3.58796732, 5.85294392
-3.5378973609,5.85144836225,-3.53796696, 5.8528504
-3.48789744046,5.8513591698,-3.4879666, 5.8527569
-3.43789752001,5.85126997735,-3.43796625, 5.85266343
-3.38789759956,5.8511807849,-3.3879659, 5.85256998
-3.33789767912,5.85109159245,-3.33796556, 5.85247655
-3.28789775867,5.8510024,-3.28796521, 5.85238315
-3.23789783822,5.85091320755,-3.23796488, 5.85228976
-3.18789791778,5.8508240151,-3.18796454, 5.85219641
-3.13789799733,5.85073482265,-3.13796421, 5.85210307
-3.08789807688,5.8506456302,-3.08796388, 5.85200975
-3.03789815643,5.85055643775,-3.03796356, 5.85191646
-2.98789823599,5.8504672453,-2.98796324, 5.85182319
-2.93789831554,5.85037805286,-2.93796292, 5.85172994
-2.88789839509,5.85028886041,-2.88796261, 5.85163671
-2.83789847465,5.85019966796,-2.8379623, 5.8515435
-2.7878985542,5.85011047551,-2.78796199, 5.85145032
-2.73789863375,5.85002128306,-2.73796169, 5.85135715
-2.68789871331,5.84993209061,-2.68796139, 5.85126401
-2.63789879286,5.84984289816,-2.63796109, 5.85117089
-2.58789887241,5.84975370571,-2.58796079, 5.85107778
-2.53789895196,5.84966451326,-2.5379605, 5.8509847
-2.48789903152,5.84957532081,-2.48796021, 5.85089164
-2.43789911107,5.84948612836,-2.43795993, 5.8507986
-2.38789919062,5.84939693591,-2.38795965, 5.85070557
-2.33789927018,5.84930774346,-2.33795937, 5.85061257
-2.28789934973,5.84921855101,-2.28795909, 5.85051959
-2.23789942928,5.84912935856,-2.23795882, 5.85042662
-2.18789950884,5.84904016612,-2.18795854, 5.85033368
-2.13789958839,5.84895097367,-2.13795828, 5.85024075
-2.08789966794,5.84886178122,-2.08795801, 5.85014784
-2.03789974749,5.84877258877,-2.03795775, 5.85005496
-1.98789982705,5.84868339632,-1.98795749, 5.84996209
-1.9378999066,5.84859420387,-1.93795723, 5.84986924
-1.88789998615,5.84850501142,-1.88795698, 5.8497764
-1.83790006571,5.84841581897,-1.83795672, 5.84968359
-1.78790014526,5.84832662652,-1.78795647, 5.84959079
-1.73790022481,5.84823743407,-1.73795623, 5.84949801
-1.68790030436,5.84814824162,-1.68795598, 5.84940525
-1.63790038392,5.84805904917,-1.63795574, 5.84931251
-1.58790046347,5.84796985672,-1.59090551, 5.84883282
-1.58790046347,5.84796985672,-1.58372759, 5.84848161
-1.58790046347,5.84796985672,-1.5840632, 5.84821732
-1.58790046347,5.84796985672,-1.58529383, 5.84805942
-1.58790046347,5.84796985672,-1.58626371, 5.84798038
-1.58790046347,5.84796985672,-1.58689944, 5.84794775
-1.58790046347,5.84796985672,-1.58729423, 5.84793875
-1.58790046347,5.84796985672,-1.58753483, 5.84794023
-1.58790046347,5.84796985672,-1.58768039, 5.8479454
-1.58790046347,5.84796985672,-1.58776819, 5.84795114
-1.58790046347,5.84796985672,-1.58782104, 5.84795618
-1.58790046347,5.84796985672,-1.58785282, 5.84796017
-1.58790046347,5.84796985672,-1.58787191, 5.84796316
-1.58790046347,5.84796985672,-1.58788337, 5.8479653
-1.58790046347,5.84796985672,-1.58789024, 5.8479668
-1.58790046347,5.84796985672,-1.58789435, 5.84796783
-1.58790046347,5.84796985672,-1.58789682, 5.84796852
-1.58790046347,5.84796985672,-1.58789829, 5.84796899
-1.58790046347,5.84796985672,-1.58789917, 5.84796929
-1.58790046347,5.84796985672,-1.58789969, 5.84796949
-1.58790046347,5.84796985672,-1.58790001, 5.84796962
-1.58790046347,5.84796985672,-1.58790019, 5.84796971
-1.58790046347,5.84796985672,-1.5879003, 5.84796976
-1.58790046347,5.84796985672,-1.58790037, 5.8479698
-1.58790046347,5.84796985672,-1.58790041, 5.84796982
-1.58790046347,5.84796985672,-1.58790043, 5.84796983
-1.58790046347,5.84796985672,-1.58790044, 5.84796984
-1.58790046347,5.84796985672,-1.58790045, 5.84796985
-1.58790046347,5.84796985672,-1.58790046, 5.84796985
-1.58790046347,5.84796985672,-1.58790046, 5.84796985
-1.58790046347,5.84796985672,-1.58790046, 5.84796985
-1.58790046347,5.84796985672,-1.58790046, 5.84796986
-1.58790046347,5.84796985672,-1.58790046, 5.84796986
-1.58790046347,5.84796985672,-1.58790046, 5.84796986
-1.58790046347,5.84796985672,-1.58790046, 5.84796986
-1.58790046347,5.84796985672,-1.58790046, 5.84796986
-1.58790046347,5.84796985672,-1.58790046, 5.84796986
-1.58790046347,5.84796985672,-1.58790046, 5.84796986
-1.58790046347,5.84796985672,-1.58790046, 5.84796986
-1.58790046347,5.84796985672,-1.58790046, 5.84796986
-1.58790046347,5.84796985672,-1.58790046, 5.84796986
-1.58790046347,5.84796985672,-1.58790046, 5.84796986
-1.58790046347,5.84796985672,-1.58790046, 5.84796986
-1.58790046347,5.84796985672,-1.58790046, 5.84796986
-1.58790046347,5.84796985672,-1.58790046, 5.84796986
-1.58790046347,5.84796985672,-1.58790046, 5.84796986
-1.58790046347,5.84796985672,-1.58790046, 5.84796986
-1.58790046347,5.84796985672,-1.58790046, 5.84796986
-1.58790046347,5.84796985672,-1.58790046, 5.84796986
-1.58790046347,5.84796985672,-1.58790046, 5.84796986
-1.58790046347,5.84796985672,-1.58790046, 5.84796986
-1.58790046347,5.84796985672,-1.58790046, 5.84796986
-1.58790046347,5.84796985672,-1.58790046, 5.84796986
-1.58790046347,5.84796985672,-1.58790046, 5.84796986
-1.58790046347,5.84796985672,-1.58790046, 5.84796986
-1.58790046347,5.84796985672,-1.58790046, 5.84796986
-1.58790046347,5.84796985672,-1.58790046, 5.84796986
-1.58790046347,5.84796985672,-1.58796954, 5.84500703
-1.59492650885,5.79846597116,-1.59353532, 5.80255323
-1.60195255424,5.74896208559,-1.60028451, 5.75267826
-1.60897859962,5.69945820002,-1.60727812, 5.70193368
-1.616004645,5.64995431445,-1.6143159, 5.65145781
-1.62303069038,5.60045042889,-1.62135752, 5.60131849
-1.63005673577,5.55094654332,-1.62839641, 5.55142053
-1.63708278115,5.50144265775,-1.63543248, 5.50167661
-1.64410882653,5.45193877218,-1.64246657, 5.45202745
-1.65113487191,5.40243488662,-1.64949939, 5.40243587
-1.6581609173,5.35293100105,-1.65653141, 5.3528791
-1.66518696268,5.30342711548,-1.66356292, 5.30334335
-1.67221300806,5.25392322991,-1.67059412, 5.25382028
-1.67923905344,5.20441934435,-1.67762511, 5.20430487
-1.68626509883,5.15491545878,-1.68465597, 5.15479407
-1.69329114421,5.10541157321,-1.69168674, 5.10528606
-1.70031718959,5.05590768764,-1.69871744, 5.05577973
-1.70734323498,5.00640380208,-1.7057481, 5.00627441
-1.71436928036,4.95689991651,-1.71277872, 4.95676971
-1.72139532574,4.90739603094,-1.7198093, 4.90726537
-1.72842137112,4.85789214537,-1.72683986, 4.85776126
-1.73544741651,4.80838825981,-1.73387039, 4.80825728
-1.74247346189,4.75888437424,-1.7409009, 4.75875339
-1.74949950727,4.70938048867,-1.74793138, 4.70924954
-1.75652555265,4.6598766031,-1.75496184, 4.65974573
-1.76355159804,4.61037271753,-1.76199228, 4.61024193
-1.77057764342,4.56086883197,-1.7690227, 4.56073814
-1.7776036888,4.5113649464,-1.7760531, 4.51123436
-1.78462973418,4.46186106083,-1.78308347, 4.46173059
-1.79165577957,4.41235717526,-1.79011383, 4.41222682
-1.79868182495,4.3628532897,-1.79714416, 4.36272305
-1.80570787033,4.31334940413,-1.80417447, 4.31321928
-1.81273391571,4.26384551856,-1.81120477, 4.26371552
-1.8197599611,4.21434163299,-1.81823504, 4.21421175
-1.82678600648,4.16483774743,-1.82526529, 4.16470799
-1.83381205186,4.11533386186,-1.83229552, 4.11520423
-1.84083809724,4.06582997629,-1.83932573, 4.06570047
-1.84786414263,4.01632609072,-1.84635592, 4.01619671
-1.85489018801,3.96682220516,-1.8533861, 3.96669295
-1.86191623339,3.91731831959,-1.86041625, 3.91718918
-1.86894227877,3.86781443402,-1.86744638, 3.86768543
-1.87596832416,3.81831054845,-1.87447649, 3.81818167
-1.88299436954,3.76880666289,-1.88150659, 3.76867791
-1.89002041492,3.71930277732,-1.88853667, 3.71917415
-1.89704646031,3.66979889175,-1.89556672, 3.6696704
-1.90407250569,3.62029500618,-1.90259676, 3.62016664
-1.91109855107,3.57079112062,-1.90962678, 3.57066288
-1.91812459645,3.52128723505,-1.91665679, 3.52115913
-1.92515064184,3.47178334948,-1.92368677, 3.47165537
-1.93217668722,3.42227946391,-1.93071673, 3.42215162
-1.9392027326,3.37277557835,-1.93774668, 3.37264787
-1.94622877798,3.32327169278,-1.94477661, 3.32314411
-1.95325482337,3.27376780721,-1.95180652, 3.27364036
-1.96028086875,3.22426392164,-1.95883642, 3.22413661
-1.96730691413,3.17476003608,-1.96586629, 3.17463286
-1.97433295951,3.12525615051,-1.97289616, 3.12512911
-1.9813590049,3.07575226494,-1.979926, 3.07562536
-1.98838505028,3.02624837937,-1.98695582, 3.02612161
-1.99541109566,2.97674449381,-1.99398563, 2.97661786
-2.00243714104,2.92724060824,-2.00101542, 2.92711411
-2.00946318643,2.87773672267,-2.0080452, 2.87761036
-2.01648923181,2.8282328371,-2.01507496, 2.82810661
-2.02351527719,2.77872895154,-2.0221047, 2.77860286
-2.03054132257,2.72922506597,-2.02913442, 2.72909911
-2.03756736796,2.6797211804,-2.03616413, 2.67959537
-2.04459341334,2.63021729483,-2.04319382, 2.63009162
-2.05161945872,2.58071340927,-2.0502235, 2.58058787
-2.0586455041,2.5312095237,-2.05725316, 2.53108413
-2.06567154949,2.48170563813,-2.06428281, 2.48158038
-2.07269759487,2.43220175256,-2.07131244, 2.43207663
-2.07972364025,2.382697867,-2.07834205, 2.38257289
-2.08674968564,2.33319398143,-2.08537165, 2.33306914
-2.09377573102,2.28369009586,-2.09240123, 2.2835654
-2.1008017764,2.23418621029,-2.0994308, 2.23406165
-2.10782782178,2.18468232473,-2.10646035, 2.18455791
-2.11485386717,2.13517843916,-2.11348989, 2.13505417
-2.12187991255,2.08567455359,-2.12051941, 2.08555042
-2.12890595793,2.03617066802,-2.12754892, 2.03604668
-2.13593200331,1.98666678246,-2.13457841, 1.98654294
-2.1429580487,1.93716289689,-2.14160789, 1.9370392
-2.14998409408,1.88765901132,-2.14863735, 1.88753545
-2.15701013946,1.83815512575,-2.1556668, 1.83803171
-2.16403618484,1.78865124019,-2.16269623, 1.78852797
-2.17106223023,1.73914735462,-2.16972565, 1.73902423
-2.17808827561,1.68964346905,-2.17675506, 1.68952048
-2.18511432099,1.64013958348,-2.18378445, 1.64001674
-2.19214036637,1.59063569792,-2.19081383, 1.590513
-2.19916641176,1.54113181235,-2.19784319, 1.54100926
-2.20619245714,1.49162792678,-2.20487254, 1.49150552
-2.21321850252,1.44212404121,-2.21190187, 1.44200178
-2.2202445479,1.39262015565,-2.2189312, 1.39249804
-2.22727059329,1.34311627008,-2.2259605, 1.3429943
-2.23429663867,1.29361238451,-2.2329898, 1.29349056
-2.24132268405,1.24410849894,-2.24001908, 1.24398682
-2.24834872944,1.19460461338,-2.24704835, 1.19448308
-2.25537477482,1.14510072781,-2.2540776, 1.14497934
-2.2624008202,1.09559684224,-2.26110684, 1.0954756
-2.26942686558,1.04609295667,-2.26813607, 1.04597186
-2.27645291097,0.996589071106,-2.27516529, 0.99646812
-2.28347895635,0.947085185539,-2.28219449, 0.94696438
-2.29050500173,0.897581299971,-2.28922368, 0.89746065
-2.29753104711,0.848077414404,-2.29625285, 0.84795691
-2.3045570925,0.798573528836,-2.30328202, 0.79845317
-2.31158313788,0.749069643269,-2.31031117, 0.74894943
-2.31860918326,0.699565757701,-2.31734031, 0.69944569
-2.32563522864,0.650061872134,-2.32436944, 0.64994195
-2.33266127403,0.600557986566,-2.33139855, 0.60043822
-2.33968731941,0.551054100999,-2.33842765, 0.55093448
-2.34671336479,0.501550215431,-2.34545674, 0.50143074
-2.35373941017,0.452046329864,-2.35248582, 0.451927
-2.36076545556,0.402542444296,-2.35951489, 0.40242326
-2.36779150094,0.353038558729,-2.36654394, 0.35291953
-2.37481754632,0.303534673161,-2.37357298, 0.30341579
-2.3818435917,0.254030787594,-2.38060201, 0.25391205
-2.38886963709,0.204526902026,-2.38763103, 0.20440831
-2.39589568247,0.155023016459,-2.39466003, 0.15490458
-2.40292172785,0.105519130891,-2.40168903, 0.10540084
-2.40994777323,0.0560152453235,-2.40871801, 0.0558971
-2.41697381862,0.00651135975601,-2.41574698, 0.00639337
-2.423999864,-0.0429925258115,-2.42277594,-0.04311037
-2.43102590938,-0.092496411379,-2.42980489,-0.09261411
-2.43805195477,-0.142000296947,-2.43683383,-0.14211785
-2.44507800015,-0.191504182514,-2.44386276,-0.19162158
-2.45210404553,-0.241008068082,-2.45089167,-0.24112532
-2.45913009091,-0.290511953649,-2.45792058,-0.29062906
-2.4661561363,-0.340015839217,-2.46494947,-0.34013279
-2.47318218168,-0.389519724784,-2.47197835,-0.38963653
-2.48020822706,-0.439023610352,-2.47900722,-0.43914027
-2.48723427244,-0.488527495919,-2.48603608,-0.488644
-2.49426031783,-0.538031381487,-2.49306493,-0.53814774
-2.50128636321,-0.587535267054,-2.50009377,-0.58765148
-2.50831240859,-0.637039152622,-2.5071226,-0.63715522
-2.51533845397,-0.686543038189,-2.51415142,-0.68665895
-2.52236449936,-0.736046923757,-2.52118022,-0.73616269
-2.52939054474,-0.785550809324,-2.52820902,-0.78566643
-2.53641659012,-0.835054694892,-2.53523781,-0.83517016
-2.5434426355,-0.884558580459,-2.54226658,-0.8846739
-2.55046868089,-0.934062466027,-2.54929535,-0.93417764
-2.55749472627,-0.983566351594,-2.5563241,-0.98368137
-2.56452077165,-1.03307023716,-2.56335285,-1.03318511
-2.57154681703,-1.08257412273,-2.57038158,-1.08268885
-2.57857286242,-1.1320780083,-2.57741031,-1.13219258
-2.5855989078,-1.18158189386,-2.58443902,-1.18169632
-2.59262495318,-1.23108577943,-2.59146773,-1.23120006
-2.59965099856,-1.280589665,-2.59849643,-1.2807038
-2.60667704395,-1.33009355057,-2.60552511,-1.33020753
-2.61370308933,-1.37959743613,-2.61255379,-1.37971127
-2.62072913471,-1.4291013217,-2.61958246,-1.42921501
-2.6277551801,-1.47860520727,-2.62661111,-1.47871874
-2.63478122548,-1.52810909284,-2.63363976,-1.52822248
-2.64180727086,-1.5776129784,-2.6406684,-1.57772622
-2.64883331624,-1.62711686397,-2.64769703,-1.62722996
-2.65585936163,-1.67662074954,-2.65472565,-1.67673369
-2.66288540701,-1.72612463511,-2.66175426,-1.72623743
-2.66991145239,-1.77562852067,-2.66878286,-1.77574117
-2.67693749777,-1.82513240624,-2.67581145,-1.82524491
-2.68396354316,-1.87463629181,-2.68284003,-1.87474864
-2.69098958854,-1.92414017738,-2.6898686,-1.92425238
-2.69801563392,-1.97364406294,-2.69689717,-1.97375612
-2.7050416793,-2.02314794851,-2.70392572,-2.02325986
-2.71206772469,-2.07265183408,-2.71095427,-2.07276359
-2.71909377007,-2.12215571965,-2.7179828,-2.12226733
-2.72611981545,-2.17165960521,-2.72501133,-2.17177107
-2.73314586083,-2.22116349078,-2.73200333,-2.2206832
-2.73876669714,-2.26076659924,-2.7379237,-2.26228903
-2.74579274252,-2.3102704848,-2.74468761,-2.30971659
-2.75141357883,-2.34987359326,-2.75056731,-2.35114819
-2.75843962421,-2.39937747883,-2.75732787,-2.39862929
-2.76406046052,-2.43898058728,-2.76321032,-2.44012806
-2.7710865059,-2.48848447285,-2.76997348,-2.48765735
-2.77670734221,-2.5280875813,-2.7758578,-2.52918689
-2.78373338759,-2.57759146687,-2.78262206,-2.57673511
-2.78935422389,-2.61719457532,-2.78850714,-2.61827613
-2.79638026928,-2.66669846089,-2.79527177,-2.66583131
-2.80200110558,-2.70630156934,-2.80115715,-2.70737652
-2.80902715097,-2.75580545491,-2.80792188,-2.75493424
-2.81464798727,-2.79540856337,-2.81380739,-2.79648098
-2.82167403265,-2.84491244893,-2.82057213,-2.84403962
-2.82729486896,-2.88451555739,-2.82645771,-2.88558691
-2.83432091434,-2.93401944295,-2.83322242,-2.93314589
-2.83994175065,-2.97362255141,-2.83910805,-2.97469338
-2.84696779603,-3.02312643698,-2.84587271,-3.02225248
-2.85258863234,-3.06272954543,-2.85175838,-3.06380005
-2.85961467772,-3.112233431,-2.85852298,-3.1113592
-2.86523551403,-3.15183653945,-2.86440869,-3.15290679
-2.87226155941,-3.20134042502,-2.87117325,-3.20046596
-2.87788239572,-3.24094353347,-2.87705899,-3.24201355
-2.8849084411,-3.29044741904,-2.88382349,-3.28957273
-2.8905292774,-3.33005052749,-2.88970927,-3.33112033
-2.89755532279,-3.37955441306,-2.89647372,-3.37867951
-2.90317615909,-3.41915752152,-2.90235954,-3.4202271
-2.91020220448,-3.46866140708,-2.90912393,-3.46778629
-2.91582304078,-3.50826451554,-2.91500979,-3.50933388
-2.92284908616,-3.55776840111,-2.92177413,-3.55689307
-2.92846992247,-3.59737150956,-2.92766002,-3.59844066
-2.93549596785,-3.64687539513,-2.9344243,-3.64599985
-2.94111680416,-3.68647850358,-2.94031023,-3.68754744
-2.94814284954,-3.73598238915,-2.94707446,-3.73510664
-2.95376368585,-3.7755854976,-2.95296042,-3.77665422
-2.96078973123,-3.82508938317,-2.95972461,-3.82421342
-2.96641056754,-3.86469249162,-2.9656106,-3.865761
-2.97343661292,-3.91419637719,-2.97237473,-3.9133202
-2.97905744923,-3.95379948565,-2.97826076,-3.95486778
-2.98608349461,-4.00330337121,-2.98502484,-4.00242699
-2.99170433091,-4.04290647967,-2.99091091,-4.04397456
-2.9987303763,-4.09241036523,-2.99767494,-4.09153377
-3.0043512126,-4.13201347369,-3.00356104,-4.13308134
-3.01137725799,-4.18151735926,-3.01032501,-4.18064056
-3.01699809429,-4.22112046771,-3.01621115,-4.22218813
-3.02402413967,-4.27062435328,-3.02297507,-4.26974734
-3.02964497598,-4.31022746173,-3.02886124,-4.31129491
-3.03667102136,-4.3597313473,-3.03562512,-4.35885413
-3.04229185767,-4.39933445575,-3.04151132,-4.40040169
-3.04931790305,-4.44883834132,-3.04827515,-4.44796091
-3.05493873936,-4.48844144977,-3.05416138,-4.48950847
-3.06196478474,-4.53794533534,-3.06092516,-4.5370677
-3.06758562105,-4.5775484438,-3.06681143,-4.57861525
-3.07461166643,-4.62705232936,-3.07357516,-4.62617448
-3.08023250273,-4.66665543782,-3.07946146,-4.66772204
-3.08725854812,-4.71615932338,-3.08622514,-4.71528127
-3.09287938442,-4.75576243184,-3.09211148,-4.75682882
-3.09990542981,-4.80526631741,-3.09887511,-4.80438805
-3.10552626611,-4.84486942586,-3.10476148,-4.8459356
-3.11255231149,-4.89437331143,-3.11152506,-4.89349484
-3.1181731478,-4.93397641988,-3.11741146,-4.93504239
-3.12519919318,-4.98348030545,-3.12417499,-4.98260162
-3.13082002949,-5.0230834139,-3.13006143,-5.02414917
-3.13784607487,-5.07258729947,-3.13682491,-5.07170841
